{
    "cnn": {
        "top1_accuracy": 25.773601531982422,
        "top3_accuracy": 48.15903091430664,
        "top5_accuracy": 60.83039855957031,
        "weighted_f1": 0.23684685681245388
    },
    "vgg19": {
        "top1_accuracy": 70.28985595703125,
        "top3_accuracy": 88.58206176757812,
        "top5_accuracy": 93.18449401855469,
        "weighted_f1": 0.7046035566028362
    },
    "vit": {
        "top1_accuracy": 85.2134780883789,
        "top3_accuracy": 96.337646484375,
        "top5_accuracy": 97.96318054199219,
        "weighted_f1": 0.851819712529169
    }
}