{
    "cnn": {
        "top1_accuracy": 1.4884450435638428,
        "top3_accuracy": 11.261261940002441,
        "top5_accuracy": 16.764591217041016,
        "weighted_f1": 0.003498349611937211
    },
    "vgg19": {
        "top1_accuracy": 2.6635332107543945,
        "top3_accuracy": 7.696827411651611,
        "top5_accuracy": 12.71053695678711,
        "weighted_f1": 0.01931962323870921
    },
    "vit": {
        "top1_accuracy": 0.9596553444862366,
        "top3_accuracy": 3.8973758220672607,
        "top5_accuracy": 7.81433629989624,
        "weighted_f1": 0.005068466290895354
    }
}