{
    "vit": {
        "top1_accuracy": 86.09479522705078,
        "top3_accuracy": 95.71092987060547,
        "top5_accuracy": 97.4539794921875,
        "weighted_f1": 0.8609194627199376
    }
}