{
    "val_f1": 82.82044466135217,
    "val_loss": 0.4800497365387034,
    "val_top3": 100.0,
    "val_top5": 100.0,
    "train_f1": 86.72970789630963,
    "train_loss": 0.4314231148026336,
    "epoch": 1
}